{"cameraMode":{"drawMode":0,"name":"Shaded","section":"Shading Mode"},"sceneLighting":false,"audioPlay":false,"sceneViewState":{"showFog":true,"showMaterialUpdate":false,"showSkybox":true,"showFlares":true,"showImageEffects":true,"showParticleSystems":true},"in2DMode":false,"pivot":{"x":0.027923285961151124,"y":-0.1940678358078003,"z":-0.27817192673683169},"rotation":{"x":0.04877382144331932,"y":0.948300838470459,"z":-0.2566497325897217,"w":0.18021562695503236},"size":0.6584718227386475,"orthographic":false}