{"cameraMode":{"drawMode":0,"name":"Shaded","section":"Shading Mode"},"sceneLighting":false,"audioPlay":false,"sceneViewState":{"showFog":true,"showMaterialUpdate":false,"showSkybox":true,"showFlares":true,"showImageEffects":true,"showParticleSystems":true},"in2DMode":false,"pivot":{"x":0.34599998593330386,"y":0.8801500201225281,"z":0.2160000056028366},"rotation":{"x":0.04877382144331932,"y":0.948300838470459,"z":-0.2566497325897217,"w":0.18021562695503236},"size":0.47053587436676028,"orthographic":false}