{"cameraMode":{"drawMode":0,"name":"Shaded","section":"Shading Mode"},"sceneLighting":true,"audioPlay":false,"sceneViewState":{"showFog":true,"showMaterialUpdate":false,"showSkybox":true,"showFlares":true,"showImageEffects":true,"showParticleSystems":true},"in2DMode":false,"pivot":{"x":-0.1989300698041916,"y":0.8663842082023621,"z":0.8881257176399231},"rotation":{"x":-0.3853764235973358,"y":0.0949920192360878,"z":-0.03992607444524765,"w":-0.9169882535934448},"size":1.3724732398986817,"orthographic":false}