{"cameraMode":{"drawMode":0,"name":"Shaded","section":"Shading Mode"},"sceneLighting":true,"audioPlay":false,"sceneViewState":{"showFog":true,"showMaterialUpdate":false,"showSkybox":true,"showFlares":true,"showImageEffects":true,"showParticleSystems":true},"in2DMode":false,"pivot":{"x":-5.979076862335205,"y":-0.8072209358215332,"z":3.1287198066711427},"rotation":{"x":-0.1414923071861267,"y":0.7630915641784668,"z":-0.1785212755203247,"w":-0.6048151850700378},"size":6.4751057624816898,"orthographic":false}